Total, Raycast, Update_cache, Inflation, PointCloudNumber, CacheNumber, InflationNumber
0, 0, 0, 0, 4127, 0, 0
0.0806738, 0.00413388, 0.0117439, 0.000379449, 4062, 33369, 23139
0.0138786, 0.00251056, 0.00339616, 0.000185528, 4045, 15944, 11745
0.0093224, 0.00321083, 0.00441838, 0.000222214, 3995, 30790, 14148
0.00772441, 0.00278131, 0.00212368, 0.000154608, 4023, 23157, 8289
0.0226718, 0.00150775, 0.000613291, 2.7447e-05, 4016, 3585, 1377
0.00595506, 0.00227085, 0.000756546, 5.1724e-05, 4050, 9125, 2889
0.0167726, 0.00553748, 0.000945367, 9.8266e-05, 4106, 10594, 6102
0.0115272, 0.00340326, 0.000434724, 1.9167e-05, 4038, 5945, 702
0.0220854, 0.00890541, 0.00115014, 0.000161468, 4137, 12311, 9504
0.0162745, 0.00985136, 0.000528084, 8.5637e-05, 4064, 6687, 5886
0.0111774, 0.00433863, 0.00128493, 0.000194334, 4113, 11005, 7668
0.013513, 0.00492926, 0.00106062, 0.00017934, 4103, 7871, 6291
0.0169131, 0.00592365, 0.000600869, 4.9506e-05, 4082, 11025, 2754
0.0103248, 0.00536507, 0.000843578, 5.8376e-05, 4046, 6966, 1701
0.00454332, 0.00211178, 0.000405867, 6.0167e-05, 4113, 3215, 2700
0.00454332, 0.00211178, 0.000405867, 6.0167e-05, 4135, 3215, 2700
0.00454332, 0.00211178, 0.000405867, 6.0167e-05, 4096, 3215, 2700
0.00454332, 0.00211178, 0.000405867, 6.0167e-05, 4142, 3215, 2700
0.00454332, 0.00211178, 0.000405867, 6.0167e-05, 4163, 3215, 2700
0.00454332, 0.00211178, 0.000405867, 6.0167e-05, 4066, 3215, 2700
0.00454332, 0.00211178, 0.000405867, 6.0167e-05, 4091, 3215, 2700
0.00454332, 0.00211178, 0.000405867, 6.0167e-05, 4096, 3215, 2700
0.00454332, 0.00211178, 0.000405867, 6.0167e-05, 4093, 3215, 2700
0.00454332, 0.00211178, 0.000405867, 6.0167e-05, 4095, 3215, 2700
0.00454332, 0.00211178, 0.000405867, 6.0167e-05, 4060, 3215, 2700
0.00454332, 0.00211178, 0.000405867, 6.0167e-05, 4031, 3215, 2700
0.00454332, 0.00211178, 0.000405867, 6.0167e-05, 4045, 3215, 2700
0.00454332, 0.00211178, 0.000405867, 6.0167e-05, 3974, 3215, 2700
0.00454332, 0.00211178, 0.000405867, 6.0167e-05, 4099, 3215, 2700
0.00454332, 0.00211178, 0.000405867, 6.0167e-05, 4100, 3215, 2700
0.00454332, 0.00211178, 0.000405867, 6.0167e-05, 4080, 3215, 2700
0.00454332, 0.00211178, 0.000405867, 6.0167e-05, 4111, 3215, 2700
0.00454332, 0.00211178, 0.000405867, 6.0167e-05, 4039, 3215, 2700
0.00454332, 0.00211178, 0.000405867, 6.0167e-05, 3995, 3215, 2700
0.00454332, 0.00211178, 0.000405867, 6.0167e-05, 4081, 3215, 2700
0.00454332, 0.00211178, 0.000405867, 6.0167e-05, 4119, 3215, 2700
0.00454332, 0.00211178, 0.000405867, 6.0167e-05, 4159, 3215, 2700
0.00454332, 0.00211178, 0.000405867, 6.0167e-05, 4084, 3215, 2700
0.00454332, 0.00211178, 0.000405867, 6.0167e-05, 4085, 3215, 2700
0.00454332, 0.00211178, 0.000405867, 6.0167e-05, 4100, 3215, 2700
0.00454332, 0.00211178, 0.000405867, 6.0167e-05, 4174, 3215, 2700
0.00454332, 0.00211178, 0.000405867, 6.0167e-05, 4104, 3215, 2700
0.00454332, 0.00211178, 0.000405867, 6.0167e-05, 4135, 3215, 2700
0.00454332, 0.00211178, 0.000405867, 6.0167e-05, 4112, 3215, 2700
0.00454332, 0.00211178, 0.000405867, 6.0167e-05, 4078, 3215, 2700
0.00454332, 0.00211178, 0.000405867, 6.0167e-05, 4047, 3215, 2700
0.00454332, 0.00211178, 0.000405867, 6.0167e-05, 4062, 3215, 2700
0.00454332, 0.00211178, 0.000405867, 6.0167e-05, 4013, 3215, 2700
0.00454332, 0.00211178, 0.000405867, 6.0167e-05, 4007, 3215, 2700
0.00454332, 0.00211178, 0.000405867, 6.0167e-05, 4068, 3215, 2700
0.00454332, 0.00211178, 0.000405867, 6.0167e-05, 4038, 3215, 2700
0.00454332, 0.00211178, 0.000405867, 6.0167e-05, 4041, 3215, 2700
0.00454332, 0.00211178, 0.000405867, 6.0167e-05, 3960, 3215, 2700
0.00454332, 0.00211178, 0.000405867, 6.0167e-05, 4136, 3215, 2700
0.00454332, 0.00211178, 0.000405867, 6.0167e-05, 4077, 3215, 2700
0.00454332, 0.00211178, 0.000405867, 6.0167e-05, 4010, 3215, 2700
0.00454332, 0.00211178, 0.000405867, 6.0167e-05, 4099, 3215, 2700
0.00454332, 0.00211178, 0.000405867, 6.0167e-05, 4083, 3215, 2700
0.00454332, 0.00211178, 0.000405867, 6.0167e-05, 4129, 3215, 2700
0.00454332, 0.00211178, 0.000405867, 6.0167e-05, 4084, 3215, 2700
0.00454332, 0.00211178, 0.000405867, 6.0167e-05, 4086, 3215, 2700
0.00454332, 0.00211178, 0.000405867, 6.0167e-05, 4117, 3215, 2700
0.00454332, 0.00211178, 0.000405867, 6.0167e-05, 4062, 3215, 2700
0.00454332, 0.00211178, 0.000405867, 6.0167e-05, 4080, 3215, 2700
0.00454332, 0.00211178, 0.000405867, 6.0167e-05, 4097, 3215, 2700
0.00454332, 0.00211178, 0.000405867, 6.0167e-05, 4149, 3215, 2700
0.00454332, 0.00211178, 0.000405867, 6.0167e-05, 4129, 3215, 2700
0.234848, 0.00507862, 0.0189335, 0.000682058, 4138, 53310, 45873
0.0233159, 0.00726811, 0.0131596, 0.000380665, 4090, 54094, 20655
0.0239424, 0.00569087, 0.0158273, 0.000303911, 4148, 54188, 15066
0.014297, 0.0051962, 0.00566487, 0.000228092, 4049, 51705, 11583
0.0118087, 0.00444722, 0.00405486, 0.00022279, 4093, 50710, 10017
0.0139752, 0.00497987, 0.00538845, 0.000302786, 4013, 50228, 6723
0.0171424, 0.00543993, 0.00759448, 0.000164718, 4093, 52126, 6453
0.0124657, 0.00474434, 0.00289985, 0.000132373, 3916, 50880, 6048
0.0133784, 0.0069564, 0.00270993, 0.000157574, 4052, 54616, 7263
0.0217516, 0.0111232, 0.00370471, 0.00015952, 4072, 53228, 6156
0.0117899, 0.0051066, 0.00283657, 0.000138558, 4052, 54074, 6237
0.0139403, 0.00617774, 0.00337367, 0.000164356, 4135, 53939, 5967
0.0136202, 0.00763397, 0.00257216, 0.000128921, 4117, 53260, 5643
0.0210844, 0.00675092, 0.00417369, 0.000116695, 3995, 52600, 4914
0.0135174, 0.00518177, 0.00388084, 0.000259392, 4000, 53197, 5130
0.0117025, 0.00477311, 0.00266508, 9.9971e-05, 4085, 53040, 4104
0.011443, 0.00529018, 0.00273229, 0.000121091, 4066, 52398, 5049
0.0114198, 0.00522401, 0.00248575, 0.000107327, 4080, 53109, 4455
0.0140195, 0.00564746, 0.00290256, 0.000114361, 4136, 52315, 4401
0.0149609, 0.00525934, 0.00490542, 0.000128038, 4057, 50488, 4185
0.0113413, 0.0048393, 0.00369021, 9.7097e-05, 4039, 50981, 4023
0.0109043, 0.00481254, 0.00305338, 9.9813e-05, 4136, 52961, 3996
0.0120632, 0.0064959, 0.00301612, 0.000149128, 4042, 52301, 4320
0.0115992, 0.00511007, 0.0026092, 0.000290152, 4043, 53263, 3618
0.0140613, 0.00928496, 0.00234028, 9.0149e-05, 4147, 53242, 3834
0.0140349, 0.00714252, 0.00228748, 9.6999e-05, 3958, 53837, 4077
0.0120518, 0.00573866, 0.00416489, 0.000103097, 4142, 55687, 3861
0.0163422, 0.00567398, 0.0062892, 0.000101509, 4058, 54346, 3861
0.0138477, 0.00794059, 0.0032882, 0.000114192, 3986, 52848, 3834
0.0121267, 0.00612537, 0.00402825, 9.7667e-05, 4139, 53655, 3645
0.0119141, 0.0067457, 0.00275703, 9.0426e-05, 4051, 52699, 3186
0.0116865, 0.00631702, 0.0032371, 9.0577e-05, 4049, 53148, 3753
0.0112446, 0.00599671, 0.00255612, 7.6495e-05, 4031, 52733, 3186
0.0200551, 0.013515, 0.00398934, 0.000107265, 4034, 52630, 3699
0.0102601, 0.00544605, 0.00239946, 9.0373e-05, 3992, 52471, 3834
0.010231, 0.00593672, 0.00201185, 8.8509e-05, 4027, 51369, 4158
0.0154913, 0.00547033, 0.00719463, 0.000115254, 3998, 51937, 3915
0.00897253, 0.00482787, 0.00217496, 7.9289e-05, 4066, 51819, 3375
0.0119609, 0.00534308, 0.00250211, 9.8428e-05, 4003, 50551, 4077
0.0102945, 0.00552706, 0.00271703, 0.000100372, 4150, 52122, 3699
0.011381, 0.00560458, 0.00332053, 8.8184e-05, 4069, 52758, 3591
0.0102721, 0.00472013, 0.00329678, 0.000104405, 4097, 52041, 3564
0.00959091, 0.00482961, 0.00229752, 7.8623e-05, 4131, 52923, 3375
0.0120699, 0.00506237, 0.00250413, 8.7504e-05, 4083, 52876, 3834
0.00892684, 0.00430949, 0.00259578, 9.067e-05, 4045, 48640, 3780
0.0104981, 0.0056713, 0.00208107, 7.2588e-05, 4079, 51917, 3159
0.00886041, 0.00467575, 0.00203281, 8.455e-05, 4128, 52163, 3861
0.0110381, 0.00522266, 0.00327054, 9.7998e-05, 4169, 52704, 3132
0.0144235, 0.00702586, 0.00356553, 0.000102912, 4176, 52814, 3807
0.0137446, 0.00835274, 0.0031997, 9.7806e-05, 4112, 53691, 3483
0.00896089, 0.00467555, 0.00222215, 7.3171e-05, 4062, 54644, 3024
0.00943883, 0.00508997, 0.00205139, 8.0548e-05, 4104, 54136, 3348
0.0104836, 0.00539811, 0.00276674, 0.000101591, 4102, 53559, 3888
0.0108189, 0.00558891, 0.00290772, 0.000403251, 4094, 51675, 3753
0.012944, 0.00586151, 0.00422301, 9.0388e-05, 4053, 50630, 3348
0.00990849, 0.00514993, 0.00254943, 8.7438e-05, 4020, 49867, 3267
0.0125027, 0.00574637, 0.00377667, 9.9842e-05, 4027, 51089, 3645
0.00966074, 0.00514878, 0.00234119, 8.1679e-05, 3942, 50970, 3267
0.0105705, 0.00490977, 0.00368481, 6.9788e-05, 4064, 54849, 2781
0.0111727, 0.0056585, 0.00354042, 8.2545e-05, 4027, 54028, 3105
0.0109023, 0.00650746, 0.00230336, 7.5966e-05, 4107, 52648, 3132
0.0112488, 0.00648108, 0.00252427, 7.6248e-05, 4058, 53255, 3159
0.0112748, 0.00589019, 0.00323845, 9.944e-05, 4163, 54449, 3915
0.011594, 0.00655333, 0.00301168, 8.1773e-05, 4057, 52698, 3105
0.0112249, 0.00681066, 0.00256346, 9.7918e-05, 4031, 53419, 3834
0.0120672, 0.00560697, 0.00247622, 7.2522e-05, 4079, 52402, 3078
0.0108534, 0.00488406, 0.00350706, 9.2468e-05, 4095, 52304, 3510
0.00922665, 0.00522168, 0.00212204, 7.5645e-05, 4107, 53352, 3267
0.0218956, 0.00582945, 0.0136351, 0.000186592, 4160, 52160, 3915
0.0109982, 0.005309, 0.00280511, 0.00033235, 4093, 52611, 3456
0.0148244, 0.0083548, 0.00377772, 8.3351e-05, 4066, 50366, 3105
0.0111832, 0.00520362, 0.00333789, 7.9917e-05, 4051, 52579, 3132
0.00971994, 0.00512231, 0.00234614, 8.8139e-05, 4164, 52346, 3483
0.0127799, 0.00554137, 0.00330564, 8.9345e-05, 4087, 52777, 3186
0.0109706, 0.00637578, 0.0024895, 0.000138516, 4136, 53225, 3537
0.011266, 0.00554979, 0.00306826, 9.4253e-05, 4043, 53819, 3051
0.0114326, 0.00572524, 0.00344958, 8.3173e-05, 4011, 53996, 3348
0.00994158, 0.00491306, 0.00292827, 9.2438e-05, 4061, 53223, 3645
0.0132517, 0.00712357, 0.00308065, 0.000223186, 4070, 53765, 3429
0.010856, 0.0056154, 0.00302883, 9.2742e-05, 4066, 53597, 3240
0.00923376, 0.00483989, 0.0021707, 8.2294e-05, 4106, 52427, 3429
0.0116244, 0.00523651, 0.00389268, 0.000165863, 4050, 52324, 3267
0.0105214, 0.00557697, 0.00297362, 8.7618e-05, 4006, 52497, 3402
0.00923259, 0.00466696, 0.0022529, 7.528e-05, 4050, 51929, 3186
0.0129137, 0.00510686, 0.00570597, 0.000101124, 4066, 52811, 3456
0.0147214, 0.0081198, 0.0028756, 9.3685e-05, 4065, 51950, 3429
0.0104283, 0.00570098, 0.00275334, 9.2711e-05, 4050, 51581, 3672
0.0122602, 0.00630106, 0.00403946, 7.3414e-05, 4075, 50698, 2781
0.018152, 0.00620203, 0.00966945, 0.000102182, 4033, 50250, 3888
0.0110344, 0.0052712, 0.00379267, 0.000105407, 4142, 52532, 3483
0.0147044, 0.00664436, 0.00377296, 9.6167e-05, 4108, 53274, 3429
0.0107831, 0.0064367, 0.00211222, 7.5627e-05, 4136, 52862, 3078
0.0110627, 0.00595834, 0.00271363, 8.8287e-05, 4093, 51904, 3591
0.011159, 0.00621878, 0.00279652, 8.032e-05, 4079, 53106, 3240
0.00927604, 0.00465102, 0.00209944, 8.7914e-05, 4085, 50569, 3915
0.0116173, 0.00718866, 0.00223696, 7.8091e-05, 4041, 51554, 3105
0.0101621, 0.00475053, 0.00272774, 0.00011613, 4120, 51599, 4536
0.0130251, 0.00702546, 0.00354148, 8.784e-05, 4154, 53147, 3321
0.0123488, 0.00519065, 0.00375599, 8.954e-05, 4118, 52478, 3159
0.0129247, 0.00866825, 0.00225699, 9.3144e-05, 4073, 52059, 3807
0.0133524, 0.00545448, 0.00595051, 8.9065e-05, 4109, 53291, 3726
0.0174629, 0.00681227, 0.00805492, 0.000118874, 4111, 53970, 3321
0.0112257, 0.0055282, 0.00363049, 0.000104589, 4018, 50759, 3969
0.0111614, 0.00591611, 0.00247708, 7.7175e-05, 4137, 53808, 3213
0.0106898, 0.0051117, 0.00280582, 9.5027e-05, 4062, 50543, 3375
0.0109593, 0.00630782, 0.00232833, 7.4527e-05, 4031, 49561, 2754
0.0104965, 0.00555325, 0.00274073, 9.2539e-05, 4075, 51250, 3159
0.0102604, 0.00575414, 0.00225452, 9.0343e-05, 3989, 51561, 3564
0.0103097, 0.00479598, 0.00311423, 8.8433e-05, 3969, 52248, 3456
0.0117348, 0.00688838, 0.00291725, 9.1917e-05, 4040, 52038, 3240
0.0102525, 0.00506074, 0.00330165, 8.7379e-05, 4158, 53734, 3510
0.0100996, 0.00584009, 0.00229721, 8.7507e-05, 4091, 54758, 3699
0.00982706, 0.0052603, 0.00256884, 9.2982e-05, 4131, 53379, 3213
0.0105744, 0.00541715, 0.00271732, 8.8484e-05, 4053, 52827, 3294
0.00957172, 0.00465814, 0.00254869, 8.9341e-05, 4019, 53536, 3429
0.00937671, 0.00530431, 0.00211295, 8.4694e-05, 4114, 53281, 3645
0.0123371, 0.00525033, 0.00494337, 8.4888e-05, 4046, 51526, 2700
0.0132791, 0.00572713, 0.00495685, 9.2292e-05, 4076, 53479, 3078
0.0109925, 0.00551831, 0.00258037, 7.691e-05, 4130, 51438, 3213
0.0135143, 0.00644919, 0.00509019, 0.00048489, 4125, 51763, 3294
0.0118932, 0.00550654, 0.00420074, 8.4049e-05, 4104, 50362, 3321
0.0100352, 0.00581704, 0.00217742, 7.9565e-05, 4094, 51897, 3483
0.0103102, 0.00539267, 0.00298433, 8.9585e-05, 4127, 53171, 3294
0.0139985, 0.00513762, 0.00660788, 8.8659e-05, 4124, 52789, 3429
0.00995872, 0.00596314, 0.00220099, 8.3238e-05, 4146, 53329, 3645
0.0103897, 0.00507272, 0.00303438, 7.7094e-05, 4074, 54839, 2781
0.0101905, 0.00505411, 0.002683, 9.352e-05, 4101, 53968, 3564
0.0151018, 0.00654616, 0.00637562, 0.000131788, 4092, 53212, 3483
0.0179512, 0.0079707, 0.00380174, 9.2957e-05, 4044, 53805, 3429
0.0119871, 0.00582582, 0.00376253, 9.1451e-05, 4028, 54111, 3267
0.0109158, 0.00646563, 0.00241576, 9.0032e-05, 4070, 52324, 3753
0.00945202, 0.0048595, 0.00222058, 7.7512e-05, 4046, 52974, 3024
0.0154608, 0.00565384, 0.00345085, 0.00108016, 4051, 52192, 2997
0.0146464, 0.00623624, 0.00613922, 0.00011033, 4104, 52175, 3969
0.0138991, 0.00626412, 0.00426608, 0.000117952, 3985, 52568, 3834
0.0117473, 0.00613143, 0.00306613, 8.1633e-05, 4035, 52998, 3348
0.0139214, 0.00533642, 0.00245996, 9.5278e-05, 4038, 51697, 3834
0.0104562, 0.00606315, 0.0023632, 8.7366e-05, 4051, 50745, 3888
0.00911909, 0.00456395, 0.00212599, 8.5856e-05, 4003, 49835, 3564
0.0113867, 0.00586447, 0.00253553, 9.3948e-05, 4104, 52283, 3429
0.0114298, 0.00527975, 0.0032297, 9.4547e-05, 4077, 54048, 3780
0.0114498, 0.00538217, 0.00317219, 9.531e-05, 4117, 52248, 3618
0.0104514, 0.00543805, 0.00239746, 9.3596e-05, 4058, 51332, 3915
0.010122, 0.00483118, 0.00248665, 9.8238e-05, 4051, 52587, 3618
0.0115539, 0.00545349, 0.00374042, 0.000127223, 4091, 50818, 4293
0.0113934, 0.00599392, 0.00260959, 8.9781e-05, 4049, 51910, 3537
0.0108489, 0.00511765, 0.00330005, 0.000105949, 4090, 50725, 3726
0.00936097, 0.00489625, 0.00264158, 8.2113e-05, 4175, 53221, 3375
0.00936426, 0.00502525, 0.00238171, 9.6761e-05, 4175, 52525, 4509
0.0130341, 0.00700713, 0.00375645, 9.8955e-05, 4110, 52840, 3969
0.0123975, 0.00582367, 0.00280876, 9.0692e-05, 4078, 53608, 3321
0.0102194, 0.00602196, 0.00219961, 8.6649e-05, 4110, 53951, 3672
0.00925575, 0.00465987, 0.00254503, 0.000101711, 4026, 51771, 3915
0.0147949, 0.00498663, 0.00199143, 7.8696e-05, 4107, 53421, 3564
0.0132375, 0.005885, 0.00438774, 9.646e-05, 4040, 51202, 3564
0.0101607, 0.00463635, 0.00307938, 7.8603e-05, 4032, 48961, 2889
0.0101676, 0.00498394, 0.00310499, 9.1009e-05, 4064, 51841, 3348
0.012139, 0.00799476, 0.00204632, 8.9224e-05, 4003, 51746, 3726
0.0122167, 0.00520462, 0.00433522, 6.5583e-05, 4028, 52615, 2349
0.0105341, 0.00517847, 0.0025033, 9.6557e-05, 4065, 52527, 3753
0.0108731, 0.0058864, 0.00268615, 0.000109383, 4079, 54603, 3834
0.010231, 0.00533412, 0.0022598, 8.7347e-05, 4133, 55254, 3564
0.010341, 0.005231, 0.00304732, 9.8218e-05, 3845, 54112, 3753
0.00905382, 0.00517227, 0.00199381, 7.7393e-05, 4127, 51477, 3348
0.0106762, 0.00522069, 0.00302117, 8.1787e-05, 4025, 54171, 3186
0.0122919, 0.00586176, 0.00248964, 9.0854e-05, 4082, 52139, 3672
0.0103223, 0.00584398, 0.00218376, 7.9175e-05, 4083, 52429, 3159
0.00962668, 0.0050351, 0.00206149, 8.2437e-05, 4089, 52828, 3510
0.0121353, 0.00614803, 0.00314661, 9.0692e-05, 4092, 52502, 3429
0.0108997, 0.00569733, 0.00295366, 9.0334e-05, 4026, 51864, 3375
0.00909356, 0.00486914, 0.00234894, 8.3873e-05, 4037, 49716, 3537
0.0117671, 0.0067091, 0.00314887, 9.0131e-05, 4110, 51325, 3159
0.0105872, 0.00614047, 0.00256015, 8.1126e-05, 4058, 51727, 3051
0.00975361, 0.00489416, 0.00299685, 8.109e-05, 4106, 52477, 3348
0.0114011, 0.00558154, 0.00317395, 8.2129e-05, 4147, 52505, 3078
0.0091256, 0.00506189, 0.00219152, 7.8559e-05, 4001, 54023, 3375
0.0102931, 0.00571741, 0.00219761, 0.000104949, 4143, 53492, 3537
0.0160502, 0.00597163, 0.00416551, 8.4448e-05, 4032, 53388, 3213
0.0102625, 0.00576682, 0.00248675, 0.00015528, 4054, 53894, 3483
0.0158134, 0.00756007, 0.00427783, 0.000106051, 4047, 54215, 3645
0.0118699, 0.0058852, 0.00273571, 7.9569e-05, 4040, 52276, 3078
0.00929508, 0.00509114, 0.00226142, 8.6336e-05, 4008, 53686, 3402
0.0120919, 0.00560002, 0.00233684, 7.3108e-05, 4019, 52694, 2808
0.0112517, 0.00580754, 0.0034325, 9.0089e-05, 4053, 51061, 3483
0.0106184, 0.00517727, 0.00301455, 0.00010274, 4060, 53191, 3888
0.0122862, 0.00725522, 0.00244714, 8.131e-05, 4005, 52870, 3321
0.0181563, 0.0131892, 0.00290568, 8.7363e-05, 4018, 50927, 3159
0.0100192, 0.00521493, 0.00266007, 0.000101722, 4058, 50322, 4239
0.00915263, 0.00503443, 0.00195227, 7.6112e-05, 4056, 50311, 3321
0.0108381, 0.00527055, 0.00355605, 0.000109714, 4119, 52646, 3834
0.0118801, 0.00769051, 0.00210749, 7.4843e-05, 4183, 53925, 3051
0.00900133, 0.00469743, 0.0022417, 7.8799e-05, 4157, 50798, 3240
0.0117905, 0.00499044, 0.00426514, 8.8116e-05, 4061, 51638, 3807
0.0178664, 0.010647, 0.00356632, 7.1142e-05, 4097, 52561, 2835
0.00983543, 0.00461229, 0.00294214, 0.000102774, 4106, 51770, 3564
0.0124509, 0.00737638, 0.00216169, 7.9061e-05, 4063, 51543, 3267
0.00918602, 0.00497508, 0.00218592, 0.000220023, 4083, 49805, 3915
0.0111593, 0.00549822, 0.00310732, 9.0317e-05, 4164, 52615, 3591
0.00952719, 0.00519248, 0.0024109, 7.3274e-05, 4107, 52599, 2997
0.0107805, 0.00583915, 0.00300209, 9.4546e-05, 4112, 52021, 3672
0.0136637, 0.00759782, 0.00381009, 0.000147571, 4132, 52224, 3672
0.0103573, 0.00564827, 0.00265446, 8.0929e-05, 4145, 54601, 3402
0.0108408, 0.00532201, 0.0024409, 7.7717e-05, 4076, 53016, 3186
0.0137705, 0.0092887, 0.00259704, 8.3469e-05, 4049, 51479, 3429
0.00998095, 0.00544543, 0.00223977, 8.8574e-05, 4039, 51289, 3996
0.00933364, 0.00480861, 0.00224728, 7.6291e-05, 4004, 48545, 2700
0.0090431, 0.00483977, 0.00236682, 6.5521e-05, 4039, 50441, 2511
0.009482, 0.00500017, 0.00266985, 8.2726e-05, 3992, 51731, 3078
0.011353, 0.0048855, 0.0038059, 9.3429e-05, 3948, 51152, 3564
0.00967657, 0.0050753, 0.00227374, 8.38e-05, 3991, 51252, 3672
0.0125098, 0.00603645, 0.00440309, 0.000432762, 3993, 54606, 3510
0.0132481, 0.00573915, 0.0039271, 9.0308e-05, 4109, 54367, 3672
0.0144819, 0.00937751, 0.00312535, 8.0678e-05, 4041, 53222, 3159
0.00958818, 0.00463348, 0.00257232, 9.4182e-05, 3801, 51379, 3537
0.00969379, 0.0048812, 0.00265308, 9.1658e-05, 4111, 53758, 3051
0.0113528, 0.00637029, 0.00289655, 7.1377e-05, 3993, 52359, 2754
0.00959486, 0.00561169, 0.00207626, 8.552e-05, 3932, 50607, 3618
0.00986605, 0.00558135, 0.00228362, 8.212e-05, 3882, 52035, 3294
0.00969722, 0.00522616, 0.00238113, 9.2434e-05, 3836, 51011, 3726
0.0113437, 0.00586383, 0.00319058, 0.000188624, 4089, 54540, 9531
0.0157429, 0.00761418, 0.00536088, 0.000207331, 4137, 52817, 6858
0.0157617, 0.0065944, 0.00604584, 0.000307825, 4422, 48540, 8505
0.0143227, 0.00695281, 0.00429988, 0.000196441, 4756, 57184, 9126
0.014668, 0.00643267, 0.00450166, 0.000127046, 4477, 53739, 5589
0.0141643, 0.00646068, 0.00291155, 0.000113565, 4358, 52949, 5400
0.0147319, 0.00684545, 0.00384221, 0.000121109, 4275, 55793, 5643
0.020476, 0.00935836, 0.00389501, 0.000100829, 4353, 56916, 4590
0.0155196, 0.00870914, 0.00320747, 0.000155459, 4440, 57420, 7101
0.0159135, 0.00696627, 0.00499606, 0.0001412, 4517, 58129, 6453
0.016255, 0.00676273, 0.00523903, 0.000176437, 4570, 58952, 8073
0.0162416, 0.00663383, 0.00487263, 0.000197325, 4725, 60238, 8964
0.0163498, 0.00865245, 0.00357179, 0.000134664, 4735, 59620, 6453
0.0145352, 0.00713834, 0.00393322, 0.000152474, 4728, 61491, 5886
0.0166981, 0.00616656, 0.00569846, 0.000166598, 4833, 60045, 6399
0.014765, 0.00691813, 0.00470821, 0.000207317, 4921, 61872, 7101
0.0183009, 0.0101748, 0.00401391, 0.000169671, 4949, 58469, 6318
0.0177645, 0.00692363, 0.00603731, 0.000143019, 5090, 61371, 6399
0.0173651, 0.00572036, 0.00701082, 0.000172139, 5081, 62801, 7290
0.0163403, 0.00716742, 0.00577801, 0.000168269, 5027, 63163, 6885
0.0136308, 0.00660067, 0.00385972, 0.000168909, 5136, 65091, 6291
0.0146088, 0.00697987, 0.00351481, 0.000117866, 5186, 67196, 5103
0.0154469, 0.00771853, 0.00352908, 0.000124354, 5121, 65086, 5616
0.0153282, 0.00711516, 0.00494615, 0.00015055, 5202, 69010, 6372
0.0161219, 0.0071965, 0.00492022, 0.000187538, 5225, 69287, 6399
0.0178817, 0.00964565, 0.0045474, 0.000231993, 5211, 70702, 6669
0.0148843, 0.00704332, 0.00495017, 0.000153648, 5138, 65649, 7344
0.01499, 0.00781643, 0.00383019, 0.000237551, 5035, 65979, 7182
0.0174235, 0.0071489, 0.00588186, 0.000162564, 5212, 66888, 6102
0.0153956, 0.00731063, 0.00423619, 0.000135768, 5244, 66472, 5751
0.0148169, 0.00735153, 0.00370649, 0.00011778, 5251, 67726, 5130
0.0163598, 0.0068573, 0.00462956, 0.000163347, 5262, 68355, 6183
0.014705, 0.00711104, 0.00424139, 0.000172951, 5251, 68790, 6291
0.0152265, 0.00791154, 0.00371447, 0.000147188, 5204, 67241, 6075
0.0273563, 0.00676607, 0.00456287, 0.000196761, 5156, 67505, 5913
0.0146528, 0.00736383, 0.00438412, 0.000157953, 5121, 64968, 6021
0.0150264, 0.00740164, 0.00368079, 0.000139713, 5119, 64198, 5643
0.0149939, 0.0073733, 0.00386785, 0.00013158, 5070, 62752, 5265
0.0130839, 0.00644874, 0.00303297, 0.000107028, 5053, 60048, 4671
0.0177364, 0.00834812, 0.00518023, 0.00016532, 5056, 63391, 4428
0.020052, 0.00923416, 0.00297307, 0.000116978, 5089, 67516, 5022
0.0170455, 0.010634, 0.00287678, 0.000113027, 5067, 67910, 4995
0.0147465, 0.00836105, 0.00331454, 0.000132698, 5180, 68592, 5292
0.012991, 0.00607616, 0.00370231, 0.000133839, 5094, 67577, 4644
0.0169615, 0.00727225, 0.0028798, 0.000121636, 5049, 67933, 5670
0.0132807, 0.00653685, 0.00347316, 0.000141266, 5105, 65635, 4914
0.0145349, 0.00729728, 0.00410311, 0.000120149, 5068, 68333, 4887
0.0128745, 0.00707058, 0.00308564, 0.000113725, 5109, 65102, 4455
0.0127747, 0.00692238, 0.0029354, 0.000124351, 5042, 65771, 4968
0.0141397, 0.00631635, 0.00364177, 0.000127977, 5118, 64114, 4509
0.0138496, 0.00758273, 0.00251142, 9.9944e-05, 5108, 65647, 4455
0.014365, 0.00647912, 0.00408765, 0.000113517, 5106, 62831, 4725
0.0203729, 0.0119282, 0.00597709, 0.000117885, 5071, 64859, 5130
0.0126163, 0.0072744, 0.00277471, 0.000105622, 5155, 65331, 4644
0.0149054, 0.00766841, 0.00423893, 0.00010596, 5173, 66193, 4050
0.013517, 0.00700839, 0.00345836, 0.000122564, 5208, 66288, 5265
0.0127103, 0.00684191, 0.00332712, 0.000127594, 5215, 67610, 5454
0.0176151, 0.00801733, 0.00381707, 0.000114984, 5276, 68894, 4347
0.012639, 0.0062547, 0.00372755, 0.000122088, 5111, 67023, 4428
0.0146192, 0.00645497, 0.00537194, 0.000152984, 5038, 67539, 4428
0.0150727, 0.00906899, 0.0031948, 0.000105388, 5104, 66813, 4509
0.0147257, 0.00681597, 0.00334332, 0.000124588, 5065, 67058, 4644
0.0145634, 0.00672546, 0.00507483, 0.000133329, 5020, 65318, 4725
0.0126232, 0.00652765, 0.00340322, 0.0001048, 5069, 66998, 4401
0.012631, 0.00641889, 0.00356404, 0.000108747, 5033, 64029, 4725
0.0156726, 0.00731347, 0.00344821, 0.000110419, 5140, 66100, 4320
0.0151635, 0.00623552, 0.00465902, 0.000126473, 5108, 62649, 4401
0.0146067, 0.00634735, 0.00481568, 0.000115188, 5145, 63187, 4347
0.0123387, 0.00634904, 0.00313535, 0.000128532, 5036, 63731, 5076
0.0152497, 0.00864186, 0.00380686, 0.000150967, 5017, 65110, 5265
0.013629, 0.00649732, 0.00285049, 0.000118741, 5052, 64898, 5427
0.0133791, 0.00729246, 0.00296188, 0.000102624, 5060, 65686, 4050
0.0150648, 0.00770887, 0.00313487, 0.000103598, 5045, 65413, 4482
0.0206785, 0.0125956, 0.00277091, 0.000104832, 5036, 66484, 4455
0.0167096, 0.00740868, 0.00632648, 0.000128623, 5083, 65647, 4995
0.0140187, 0.00668072, 0.00438496, 0.000112428, 5033, 65628, 4617
0.0169173, 0.0101153, 0.00337375, 0.000133706, 5089, 64585, 5346
0.0155142, 0.00709351, 0.00402919, 0.000112983, 5076, 64580, 4563
0.0193741, 0.0069661, 0.00367939, 0.00012951, 5398, 68023, 5913
0.0181125, 0.0101173, 0.00482202, 0.000144295, 5426, 73167, 5157
0.0227235, 0.00808573, 0.00656282, 0.000116438, 5455, 71432, 4482
0.0127934, 0.00674992, 0.00346241, 0.000401917, 5484, 70550, 4725
0.0157744, 0.00719145, 0.00463996, 0.000130001, 5476, 71758, 4536
0.0171068, 0.00888419, 0.00449575, 0.000123304, 5356, 70576, 4671
0.0145763, 0.0077378, 0.00366335, 0.000117385, 5382, 71035, 5076
0.0152901, 0.00907387, 0.00322105, 0.000115122, 5167, 69778, 5373
0.0153177, 0.00800994, 0.00375993, 0.000124434, 5156, 66122, 5103
0.0157772, 0.00836622, 0.00451177, 0.000143009, 4890, 61248, 5697
0.0139988, 0.00730045, 0.00365302, 0.000172956, 4950, 62578, 4347
0.0193709, 0.00705098, 0.00747539, 0.000255865, 4887, 62819, 4293
0.0170178, 0.00634594, 0.00624002, 0.000145956, 5014, 67373, 5292
0.0167115, 0.00975841, 0.00361157, 9.4588e-05, 5029, 67352, 3942
0.0216076, 0.00724551, 0.00733951, 0.000129403, 5070, 69681, 4860
0.0160317, 0.0094651, 0.0029335, 0.000130668, 5167, 68146, 5481
0.0212677, 0.0104909, 0.00809384, 0.000128885, 5206, 70576, 5616
0.0165015, 0.00847435, 0.00383329, 0.000126774, 5396, 71055, 5157
0.0188083, 0.00979262, 0.00428136, 0.000159759, 5293, 70449, 4617
0.0144063, 0.00758616, 0.00318812, 0.000122515, 5359, 70321, 4239
0.0147653, 0.00700401, 0.00441696, 0.000113779, 5254, 71426, 4536
0.0204805, 0.0119001, 0.00435369, 0.000120693, 5223, 66443, 4698
0.0138416, 0.00699165, 0.0035611, 0.000146439, 5129, 66123, 4941
0.014307, 0.00784978, 0.00334491, 0.000148277, 5050, 63469, 5346
0.0178903, 0.0070073, 0.0028873, 0.000133095, 4925, 64560, 5643
0.0151828, 0.00881983, 0.00321819, 0.00016303, 5104, 64623, 4779
0.0165104, 0.00727448, 0.00295364, 0.000127857, 5129, 66149, 5589
0.0144861, 0.00781098, 0.00336876, 0.000121133, 5163, 66816, 5022
0.0181627, 0.00911094, 0.0055003, 0.000138169, 5119, 67139, 5265
0.0201878, 0.0119233, 0.00358897, 0.000129293, 5237, 68615, 5130
0.0149806, 0.00748662, 0.00424653, 0.000142225, 5062, 67270, 5805
0.0172373, 0.00866921, 0.00570168, 0.000128208, 5045, 67895, 5184
0.0141508, 0.00658246, 0.00309828, 0.000107456, 4925, 66323, 4563
0.0202735, 0.0117155, 0.00458514, 0.000136854, 5034, 67197, 5319
0.0147791, 0.00746645, 0.00304885, 0.000123132, 4964, 65032, 5184
0.0177898, 0.00940987, 0.00507316, 0.000163483, 5068, 67634, 5535
0.0183662, 0.0083439, 0.00548654, 0.000139611, 4997, 64360, 4806
0.0194628, 0.00688542, 0.00349628, 0.000158807, 5094, 65684, 5778
0.0160882, 0.00642011, 0.00387554, 0.000137425, 5086, 63387, 4725
0.0149268, 0.00777044, 0.00351293, 0.000111616, 5089, 62868, 3726
0.029777, 0.00670585, 0.00627396, 0.000459242, 5041, 63607, 4563
0.0183448, 0.00749694, 0.00322519, 0.000129039, 5036, 66972, 5238
0.0149035, 0.00800107, 0.00357781, 0.000110515, 5076, 66363, 4401
0.0152164, 0.00738549, 0.00490991, 0.000138705, 5099, 65998, 4833
0.0180519, 0.0103482, 0.00423593, 0.000129231, 4990, 65215, 4779
0.0160223, 0.00841149, 0.00436746, 0.00011229, 5077, 67083, 4131
0.0186205, 0.00809778, 0.00623993, 0.000129786, 5030, 65100, 4752
0.0146709, 0.0078084, 0.00374615, 0.00012028, 5059, 65513, 3429
0.0176149, 0.00847238, 0.00539943, 0.000124091, 5037, 63791, 4347
0.0164398, 0.00771926, 0.00467502, 0.000119629, 5007, 64543, 4590
0.0157928, 0.00867411, 0.00394046, 0.000159185, 5099, 64272, 4914
0.0214207, 0.00757175, 0.00999683, 0.000128917, 5126, 67233, 4644
0.0140507, 0.00671904, 0.00424369, 0.000120846, 5186, 66981, 4293
0.0153817, 0.00772755, 0.00406864, 0.000123902, 5242, 67292, 4617
0.0169693, 0.00808762, 0.00525303, 0.000136321, 5200, 67908, 5049
0.017109, 0.00855609, 0.00382552, 0.000124735, 5101, 66440, 4995
0.0143056, 0.0077261, 0.00324833, 0.000120393, 5268, 69046, 3888
0.0166132, 0.00800038, 0.00378822, 0.000147438, 5080, 65275, 3969
0.0170439, 0.00784228, 0.00624158, 0.000144276, 5062, 65297, 5184
0.0164669, 0.00808979, 0.00445583, 0.000159279, 5036, 62289, 3915
0.0136435, 0.00656187, 0.00431609, 0.000124068, 5032, 61586, 4590
0.0208919, 0.0116446, 0.00614929, 0.000122945, 4963, 62668, 4455
0.0170278, 0.00744452, 0.00331439, 0.000108793, 5030, 66853, 4104
0.0147286, 0.00708541, 0.00458398, 0.000118095, 5032, 67845, 4401
0.0149765, 0.00747556, 0.00478368, 0.000127818, 5146, 68455, 3645
0.0150403, 0.00835264, 0.00383812, 0.000125311, 5021, 66846, 4887
0.0155489, 0.00879866, 0.00372314, 0.000142892, 5007, 67526, 5724
0.0184095, 0.00978544, 0.00586983, 0.000126431, 5006, 66104, 4293
0.0138389, 0.00799593, 0.00301598, 0.000110272, 5016, 67594, 4590
0.0150949, 0.00884948, 0.00311402, 0.000123528, 5079, 65539, 4914
0.016545, 0.00954513, 0.00360677, 0.000124518, 5052, 67758, 3753
0.0132843, 0.00741642, 0.00304505, 0.000106691, 5010, 64888, 4293
0.0289694, 0.0110047, 0.00602748, 0.000109674, 5038, 66204, 4347
0.0222058, 0.0149002, 0.00349983, 0.000135197, 5040, 65321, 5157
0.0145195, 0.00773759, 0.00389929, 0.000748817, 4909, 64917, 5049
0.0168798, 0.0072619, 0.0034471, 0.000115258, 5013, 64894, 4590
0.0133574, 0.00700784, 0.0036754, 0.000120671, 5106, 67004, 4428
0.014713, 0.00758878, 0.00438693, 0.000126465, 5182, 68291, 4671
0.0152385, 0.00828754, 0.00356545, 0.000130322, 5241, 68576, 5373
0.0146012, 0.00810553, 0.00399552, 0.000131811, 5312, 68320, 5481
0.0147399, 0.00798311, 0.00406722, 0.000131216, 5311, 71545, 5535
0.0179507, 0.010554, 0.00439184, 0.000164512, 5426, 71842, 4185
0.0175787, 0.010569, 0.0040709, 0.000101241, 5301, 71621, 3969
0.0190711, 0.00885334, 0.00738804, 0.000118252, 5387, 72554, 4455
0.0182961, 0.00803762, 0.00470594, 0.000127716, 5300, 70869, 4752
0.0178617, 0.0084139, 0.00561929, 0.000192329, 5315, 72370, 5184
0.0173773, 0.00967983, 0.00447381, 0.000175156, 5231, 69640, 4806
0.0137441, 0.00751373, 0.00313491, 0.000120991, 5242, 66198, 4833
0.01333, 0.00688175, 0.0029644, 0.000133092, 5099, 62114, 5832
0.0163799, 0.00741158, 0.00384441, 0.000137484, 5247, 67292, 4941
0.0150855, 0.00779683, 0.00394833, 0.000171024, 5129, 64332, 5670
0.0173112, 0.00960766, 0.00417844, 0.000128864, 5293, 66452, 4725
0.021658, 0.00950649, 0.00927341, 0.000139869, 5545, 72694, 5103
0.0254104, 0.0077555, 0.0143395, 0.000145243, 5442, 69473, 4995
0.0196835, 0.0101635, 0.00618153, 0.00011292, 5355, 69563, 4077
0.0166398, 0.00762303, 0.00558639, 0.000176379, 5350, 73432, 4563
0.0229029, 0.013413, 0.00519183, 0.000170532, 5266, 68433, 4455
0.0246563, 0.00987872, 0.00843254, 0.000278318, 5176, 68396, 5400
0.0158297, 0.00868071, 0.00359915, 0.000195589, 5008, 64895, 5076
0.0176919, 0.0101901, 0.00409955, 0.000156052, 5093, 66397, 4914
0.0179135, 0.00920104, 0.00531861, 0.000212326, 5365, 63596, 9558
0.0224887, 0.0132435, 0.00529882, 0.00034018, 5732, 70539, 19224
0.0220436, 0.0112667, 0.00684291, 0.000432726, 5685, 72312, 19386
0.0193468, 0.00915225, 0.00402524, 0.000108647, 4961, 66340, 3915
0.0278115, 0.0102152, 0.0127945, 0.000293684, 5489, 73986, 13797
0.0190966, 0.00922735, 0.00556656, 0.000321248, 5835, 76310, 17280
0.0256457, 0.0122629, 0.00849115, 0.000471726, 5974, 74595, 11907
0.0226874, 0.0110365, 0.00465184, 0.000129614, 5719, 71048, 6372
0.0262548, 0.010884, 0.00614306, 0.000321144, 5329, 65418, 8397
0.0239018, 0.0113975, 0.00563537, 0.000276543, 6159, 71776, 14472
0.0276807, 0.0108866, 0.00743903, 0.00038807, 5753, 74716, 15282
0.0265451, 0.0078143, 0.00309207, 0.00018987, 5236, 68118, 3456
0.0190035, 0.00861202, 0.00397963, 0.000176937, 5527, 69454, 8505
0.0247196, 0.0137467, 0.00461958, 0.000180669, 5736, 72295, 7884
0.0240957, 0.0115171, 0.00454624, 0.000199838, 5963, 74534, 8613
0.0292102, 0.00836526, 0.0056196, 0.000149128, 5649, 75956, 6723
0.0295041, 0.011563, 0.0134058, 0.000134429, 5712, 78653, 5427
0.0206068, 0.00944332, 0.00527473, 0.000185297, 5979, 80401, 8748
0.0221146, 0.0105764, 0.00626375, 0.000225039, 6079, 81655, 10692
0.024781, 0.0136734, 0.00651507, 0.000290545, 6448, 81592, 14310
0.0193401, 0.00853392, 0.00483521, 0.000342311, 6053, 75057, 13608
0.0257052, 0.0153538, 0.00292761, 9.2479e-05, 4865, 62625, 3753
0.0258656, 0.00894042, 0.0116197, 0.000530757, 6077, 68285, 6642
0.0331296, 0.00883305, 0.00575558, 0.000169113, 6666, 76480, 6912
0.0249528, 0.00924981, 0.0110504, 0.000140268, 6377, 80369, 3942
0.0166615, 0.00814348, 0.00370815, 0.000105668, 5846, 77737, 4104
0.022167, 0.00919118, 0.00443359, 0.000217551, 6322, 80689, 9585
0.0308956, 0.0176302, 0.00821593, 0.000387685, 6042, 72902, 20412
0.0307844, 0.0122976, 0.0111748, 0.000234552, 5504, 65618, 10476
0.0180491, 0.00752344, 0.00294589, 6.0259e-05, 4679, 61703, 2322
0.0197922, 0.0103498, 0.00468081, 0.000165516, 5033, 65252, 6507
0.0229214, 0.012191, 0.00598808, 0.000317813, 6005, 77017, 13716
0.0218481, 0.0106428, 0.00593642, 0.000123516, 6138, 78387, 4887
0.0315768, 0.0130973, 0.00306312, 7.1178e-05, 5429, 68895, 2754
0.0163015, 0.00825565, 0.00338284, 0.000158413, 5535, 70547, 6993
0.0189876, 0.00948919, 0.00346314, 0.000190355, 5212, 67241, 10395
0.0139169, 0.00690166, 0.0030597, 0.000128407, 4876, 58692, 5805
0.0189334, 0.0105692, 0.00365007, 6.7631e-05, 5205, 70214, 2511
0.0155859, 0.00873709, 0.00276847, 0.000207762, 5213, 59364, 4374
0.0198708, 0.00738637, 0.00936716, 0.000241167, 5072, 63701, 9045
0.0122175, 0.00699871, 0.00288328, 0.000101722, 5066, 62679, 4644
0.016134, 0.00664075, 0.00744589, 7.7067e-05, 5068, 66093, 2592
0.0145975, 0.00784563, 0.00473164, 0.000102722, 5078, 66822, 4077
0.0130535, 0.00736035, 0.0031913, 0.000111227, 5086, 67265, 4644
0.0161392, 0.00737801, 0.00320285, 9.9078e-05, 5008, 66704, 4185
0.0143364, 0.00833849, 0.00397128, 0.000107219, 5193, 69147, 4455
0.0256962, 0.0168596, 0.00602255, 0.000183996, 5954, 77788, 7425
0.0177466, 0.0108666, 0.00534384, 0.000222431, 6428, 83353, 10962
0.0223251, 0.0148297, 0.00448459, 0.000112779, 6311, 85189, 4455
0.0210765, 0.0137296, 0.00428005, 4.59e-05, 5875, 77941, 1458
0.0192283, 0.0110677, 0.00504715, 0.000209672, 6448, 83853, 10422
0.0201173, 0.0105083, 0.00595256, 0.000240117, 6017, 71744, 11799
0.0256494, 0.0141238, 0.00531157, 0.000181613, 5510, 66310, 7884
0.0160931, 0.00893263, 0.00332485, 0.000105332, 5331, 66740, 3915
0.0219165, 0.0117423, 0.00642104, 0.000282051, 6003, 75556, 14067
0.0266702, 0.0116393, 0.00908108, 0.000506993, 6374, 80003, 14499
0.0234949, 0.00846481, 0.00621303, 0.00217309, 5685, 74605, 3969
0.0222059, 0.0110812, 0.00405055, 9.159e-05, 5713, 69271, 3888
0.0192723, 0.00938854, 0.00460627, 0.000188991, 5890, 74642, 8694
0.0199162, 0.0086033, 0.00489911, 0.000164695, 5574, 72094, 8046
0.0143883, 0.00725433, 0.00279474, 8.806e-05, 4968, 64436, 3996
0.0245742, 0.00769014, 0.0105887, 6.7347e-05, 4906, 62800, 2403
0.0157326, 0.0083673, 0.002917, 0.000137307, 4931, 64369, 7155
0.0149642, 0.00703688, 0.00397518, 0.000194669, 4979, 63834, 9531
0.0148145, 0.00769577, 0.00358043, 8.3216e-05, 4978, 61148, 3861
0.016358, 0.007446, 0.00656625, 0.000445597, 5068, 66046, 4806
0.0127776, 0.00672982, 0.00404695, 0.000155476, 4810, 64561, 6777
0.0134658, 0.00718072, 0.00361345, 0.000125086, 4824, 65565, 4779
0.0114953, 0.00707216, 0.00289695, 8.7317e-05, 4841, 65790, 3645
0.0172575, 0.0104111, 0.00558036, 8.0081e-05, 4832, 65869, 3375
0.0151378, 0.00724792, 0.00613603, 0.000210106, 4821, 65573, 4266
0.0119721, 0.00733299, 0.0031449, 0.000107578, 4820, 64843, 4509
0.0125259, 0.00669786, 0.00445002, 0.000105695, 4763, 63102, 4131
0.0153172, 0.00731199, 0.00536407, 0.000112864, 4811, 62582, 4725
0.0135294, 0.00706787, 0.0042869, 0.000102068, 4850, 62951, 3861
0.0159405, 0.00878639, 0.0047658, 0.000124892, 4753, 62706, 4536
0.0133041, 0.00786257, 0.00389254, 8.9593e-05, 4856, 62091, 3456
0.0139908, 0.00686869, 0.00476837, 0.000138968, 4776, 61054, 3672
0.0116427, 0.00693449, 0.00280304, 8.7833e-05, 4816, 61061, 3429
0.011904, 0.0067256, 0.00335085, 0.000106817, 4811, 60769, 4374
0.0143964, 0.00795183, 0.00441856, 8.4392e-05, 4799, 62534, 3537
0.0170124, 0.00764065, 0.00681159, 0.000105154, 4763, 61152, 4293
0.0126642, 0.00703109, 0.00336902, 0.000108376, 4739, 62658, 4320
0.012688, 0.007538, 0.00308265, 9.3575e-05, 4898, 62960, 3564
0.0129871, 0.00698933, 0.00302217, 0.000176964, 4837, 64926, 3996
0.0135513, 0.00654911, 0.00491826, 0.000105903, 4754, 64628, 3807
0.0122903, 0.00654568, 0.0035616, 9.6668e-05, 4763, 63279, 3510
0.0121151, 0.00660814, 0.00348951, 0.000126115, 4714, 60082, 4617
0.0144803, 0.00719786, 0.00320852, 0.000108874, 4712, 55755, 4293
0.0127646, 0.00774778, 0.00271626, 0.000102264, 4768, 61506, 4266
0.012695, 0.00620313, 0.00438509, 0.000111577, 4834, 59933, 4293
0.0206761, 0.00916249, 0.00835984, 0.00012319, 4889, 63902, 4293
0.0118693, 0.00697099, 0.00282554, 0.000107336, 5020, 64009, 4401
0.012989, 0.00745526, 0.00338341, 0.000105839, 5015, 66391, 4266
0.013105, 0.00744356, 0.00327534, 0.000118256, 4959, 66480, 4320
0.0137277, 0.00682506, 0.00436762, 0.000124837, 4966, 64865, 4131
0.0128425, 0.00722894, 0.00332579, 9.1723e-05, 4886, 64390, 3591
0.0120403, 0.00688975, 0.00282426, 0.000113236, 4841, 62488, 4752
0.0130249, 0.00677024, 0.00342339, 0.000162165, 4836, 64288, 4158
0.0122903, 0.00697037, 0.00324262, 0.000108277, 4824, 61613, 4158
0.0126871, 0.00645946, 0.00369861, 0.000117798, 4808, 63862, 4239
0.0164837, 0.00682196, 0.0063248, 0.000211524, 4811, 59266, 4428
0.0159258, 0.00917983, 0.00326326, 0.000141555, 4796, 62745, 3915
0.0150482, 0.00870282, 0.00337798, 0.000104602, 4831, 59314, 3753
0.0149536, 0.00892347, 0.00355289, 9.5232e-05, 4772, 63388, 3564
0.0148847, 0.00876146, 0.00368579, 0.000105691, 4858, 59716, 4212
0.0176245, 0.0086707, 0.00627218, 0.000111795, 4882, 63574, 3942
0.0135196, 0.00672559, 0.00401424, 0.00011341, 4938, 63394, 3915
0.0141288, 0.00699209, 0.00370329, 0.000126892, 4941, 65390, 4860
0.0166544, 0.00815716, 0.00540335, 0.000114686, 4954, 64004, 4212
0.0127403, 0.00598069, 0.00306816, 0.000116144, 4886, 61258, 4752
0.0119704, 0.00666882, 0.00312124, 0.000100634, 4817, 61878, 3807
0.0151691, 0.00730814, 0.00515352, 0.000109732, 4789, 61255, 4374
0.0145451, 0.00797723, 0.00319317, 0.000119125, 4711, 61801, 3672
0.0239512, 0.0180273, 0.00303868, 0.000104792, 4663, 59959, 4158
0.0163418, 0.00721953, 0.00402288, 0.000101312, 4847, 63034, 3807
0.0116149, 0.00620533, 0.00296149, 0.00011305, 4811, 62895, 4401
0.0177042, 0.00998697, 0.00543069, 0.000111981, 4856, 64764, 3888
0.0166828, 0.00732607, 0.00686628, 0.000135486, 4975, 66766, 4725
0.0139365, 0.00831572, 0.00341468, 0.000105373, 4899, 65186, 4320
0.0152544, 0.00813161, 0.00433563, 0.000121435, 4900, 66131, 4293
0.0148453, 0.00683309, 0.00579161, 0.000100561, 4889, 64504, 3753
0.0136997, 0.00659535, 0.00462496, 0.000143628, 4818, 63270, 4725
0.0137616, 0.0072545, 0.00430408, 0.000116029, 4819, 63274, 4131
0.0134071, 0.00731895, 0.00373706, 9.9238e-05, 4819, 62878, 3618
0.0155474, 0.00672704, 0.00615929, 0.000158036, 4753, 62262, 5238
0.0161457, 0.00908952, 0.00388295, 0.00014032, 4845, 62504, 3996
0.0131362, 0.00738207, 0.00291512, 0.000101351, 4780, 61513, 3969
0.0124406, 0.00615425, 0.00374847, 9.9038e-05, 4850, 62036, 3780
0.0150084, 0.0063243, 0.00632681, 0.000107372, 4712, 61696, 3672
0.0122096, 0.00637951, 0.00333561, 0.000100405, 4721, 62602, 4212
0.0145664, 0.00859653, 0.00340143, 0.000122004, 4747, 61442, 4671
0.0154676, 0.00870431, 0.00436337, 0.00012904, 4777, 63331, 5022
0.0146722, 0.00775614, 0.0042642, 0.000337227, 4859, 62274, 5076
0.0127377, 0.00685285, 0.00366484, 0.000132166, 4775, 65521, 5535
0.0133936, 0.0074705, 0.00315779, 0.000122017, 4794, 65996, 5319
0.0261892, 0.0107038, 0.00705696, 0.000880566, 4829, 65360, 4617
0.0146277, 0.00785637, 0.00353863, 0.000138938, 4886, 63955, 5805
0.0132048, 0.00715945, 0.00335959, 0.000118818, 5073, 59280, 5022
0.017591, 0.00926008, 0.0048505, 0.000139906, 5048, 62882, 5211
0.0143044, 0.0072702, 0.00439597, 0.000119569, 5077, 60910, 4293
0.0163491, 0.00701388, 0.00581332, 0.000112894, 5176, 64616, 4050
0.0117163, 0.00642477, 0.00301325, 0.000123161, 5175, 66251, 5373
0.0123464, 0.00701485, 0.00299776, 0.000118846, 5199, 67396, 5238
0.0135149, 0.00736919, 0.00354865, 0.000106077, 5052, 66164, 4293
0.0130232, 0.00716892, 0.00323448, 0.000130669, 5020, 67015, 4995
0.0143267, 0.00675434, 0.0049569, 0.000115155, 5151, 67212, 4428
0.0129033, 0.00675689, 0.00346587, 0.000109219, 5200, 64939, 4266
0.0139205, 0.00663683, 0.00316035, 0.00010753, 5211, 66310, 4212
0.0125098, 0.00705306, 0.00278116, 0.000108244, 5125, 63426, 4671
0.0125682, 0.0074184, 0.00283986, 0.000132615, 5123, 65522, 6183
0.0166208, 0.00809974, 0.00531184, 0.000119597, 5122, 64060, 4104
0.015431, 0.00787591, 0.00454103, 0.000116748, 5054, 66901, 4401
0.0138475, 0.00737775, 0.00340636, 0.000127671, 5095, 61640, 5022
0.015111, 0.00921244, 0.00315721, 0.000184406, 5153, 67933, 5454
0.0182049, 0.0102919, 0.00489793, 0.000207763, 5864, 69780, 10017
0.0196062, 0.0104105, 0.00499753, 0.000173143, 6210, 72064, 7533
0.0181847, 0.00963634, 0.00561832, 0.000150801, 6470, 72251, 6534
0.0216804, 0.0114511, 0.00714876, 0.000205943, 6686, 86691, 10206
0.0246394, 0.0130338, 0.00678753, 0.000201836, 6026, 78921, 10719
0.0298727, 0.0151428, 0.00573869, 0.000415267, 5574, 68425, 7641
0.0264158, 0.0127878, 0.00578412, 0.000371214, 6218, 73843, 8046
0.0235671, 0.0131665, 0.00565937, 0.000179337, 6323, 83651, 7992
0.0229358, 0.01201, 0.00598306, 0.000330545, 6918, 87698, 9693
0.0256269, 0.0116907, 0.00711808, 0.000269274, 6085, 78263, 13095
0.0201187, 0.00773167, 0.00540197, 0.000256299, 4960, 61724, 8829
0.0223287, 0.00696304, 0.00539171, 0.0013989, 4116, 54072, 6669
0.016148, 0.00682812, 0.0035063, 0.000136103, 4388, 56448, 6129
0.0237677, 0.0102882, 0.00415269, 0.000176854, 5074, 64926, 6912
0.0199348, 0.00967265, 0.0038341, 0.000155098, 5766, 70780, 7371
0.0233003, 0.0129244, 0.0044649, 8.3624e-05, 5884, 72785, 3051
0.0211019, 0.00946922, 0.00475012, 9.9597e-05, 5637, 70022, 4293
0.0157087, 0.00663582, 0.00357677, 0.000160098, 5173, 63880, 7506
0.0157312, 0.00859785, 0.00327005, 0.000121573, 5152, 65498, 5589
0.0153118, 0.00739417, 0.00417115, 0.000145163, 5147, 63767, 4131
0.0134981, 0.00719396, 0.00318789, 0.00010725, 5112, 64875, 4644
0.018603, 0.00748226, 0.00661851, 0.000702333, 5116, 63269, 8154
0.0146672, 0.00931781, 0.0030541, 0.000174684, 5116, 64784, 8559
0.0132088, 0.00861608, 0.00291215, 9.7577e-05, 5081, 62879, 4482
0.0132193, 0.00789726, 0.00359598, 0.000513089, 5025, 63217, 4050
0.0143773, 0.00885722, 0.00368872, 0.000109536, 5048, 63106, 3996
0.0195723, 0.00828006, 0.00653091, 0.000111226, 4991, 63346, 4752
0.0148067, 0.00708164, 0.0057575, 0.000204551, 4929, 61909, 4455
0.0134165, 0.00654063, 0.00427464, 0.000111951, 5208, 65064, 4212
0.0126961, 0.00698166, 0.00378081, 0.00011408, 5098, 66237, 4509
0.0131969, 0.00716383, 0.00394054, 0.00012052, 5012, 65747, 4779
0.0125049, 0.00694505, 0.00394244, 0.000124087, 5068, 66326, 4725
0.0116003, 0.00660153, 0.00313876, 9.8133e-05, 5042, 61648, 3969
0.0122985, 0.0066429, 0.00297576, 0.000116848, 5046, 59444, 4320
0.0161993, 0.0107246, 0.00327143, 0.000117737, 4995, 62851, 4698
0.0121311, 0.00707982, 0.00288802, 0.000179616, 5034, 61600, 3807
0.0136576, 0.00700498, 0.00351935, 0.000120269, 5122, 64232, 4752
0.01443, 0.00811516, 0.00400545, 0.000143141, 5249, 66241, 4266
0.0213133, 0.0109892, 0.00786479, 0.000128837, 5236, 67270, 4320
0.016743, 0.00776852, 0.00639295, 0.000213805, 5292, 67880, 4077
0.0151363, 0.00776865, 0.00480284, 0.000168104, 5511, 70318, 6777
0.0312502, 0.0116551, 0.0140643, 0.00562345, 5696, 71527, 7425
0.0333455, 0.020675, 0.0086836, 0.00012733, 5566, 69400, 4671
0.027783, 0.0117568, 0.00768748, 0.000110206, 5394, 68828, 3591
0.0286235, 0.0118028, 0.010407, 9.2566e-05, 5368, 68332, 3186
0.0156372, 0.00750378, 0.00608731, 0.000412832, 5354, 67104, 3483
0.0137982, 0.00844552, 0.00281881, 0.000101283, 5332, 66234, 4374
0.0142384, 0.00870485, 0.00324912, 0.00010116, 5335, 67374, 4104
0.012439, 0.00688393, 0.00345583, 0.000126524, 5294, 64082, 5265
0.0145412, 0.008253, 0.0038533, 0.000121803, 5276, 66292, 4563
0.0125947, 0.0080556, 0.00267068, 0.000107438, 5284, 63213, 4968
0.0168291, 0.00926316, 0.00563882, 0.000114767, 5239, 65197, 4536
0.0151315, 0.00958086, 0.00354411, 9.6097e-05, 5256, 63366, 3888
0.0154368, 0.0077271, 0.00487174, 0.000154174, 5281, 66468, 4806
0.017138, 0.0107678, 0.00357326, 0.000107238, 5374, 65445, 4563
0.0174447, 0.0077062, 0.00670724, 0.000114431, 5330, 65812, 4104
0.0133477, 0.00746722, 0.00343568, 9.6154e-05, 5274, 67423, 3996
0.0153534, 0.00685595, 0.00528287, 0.000108033, 5275, 63964, 3942
0.0149755, 0.00831059, 0.00417242, 0.000106765, 5216, 66373, 4023
0.0220885, 0.00719136, 0.0124103, 0.000126445, 5353, 63546, 4914
0.014546, 0.00820546, 0.00341623, 0.000115864, 5523, 67765, 4725
0.0162094, 0.00745805, 0.00519883, 0.00012728, 5513, 68935, 4374
0.0206281, 0.0103519, 0.00728788, 0.000724091, 5573, 70771, 4266
0.0189379, 0.0103531, 0.00612193, 9.3368e-05, 5568, 70954, 4104
0.0268304, 0.0114678, 0.00491703, 0.000101215, 5587, 73012, 4212
0.0189438, 0.00886104, 0.00699691, 0.00011678, 5597, 72489, 4806
0.0254351, 0.00840758, 0.0120162, 0.000146077, 5487, 72101, 5643
0.0240637, 0.0126304, 0.00494268, 0.000159807, 5537, 72260, 6399
0.0162962, 0.00871067, 0.00443323, 0.000143238, 5554, 73443, 5994
0.0177558, 0.0107773, 0.00452861, 0.000142476, 6216, 73274, 5967
0.0227608, 0.0126057, 0.00759694, 0.000162939, 6370, 79715, 5994
0.019494, 0.0115477, 0.00476896, 0.000116655, 6137, 79165, 4212
0.016927, 0.0109177, 0.00350468, 9.0405e-05, 5952, 78185, 3564
0.0165881, 0.00870393, 0.00467671, 9.3998e-05, 5841, 77349, 3267
0.0175417, 0.00952508, 0.0053298, 0.000298888, 5528, 76316, 4077
0.0143778, 0.00736086, 0.00394695, 0.000125488, 5422, 75745, 5616
0.0206087, 0.00855293, 0.00780962, 0.000131021, 5436, 74083, 4968
0.0242741, 0.00854175, 0.0104768, 0.000108385, 5427, 72338, 4185
0.0186443, 0.0105825, 0.00584675, 0.000128096, 5402, 74390, 5157
0.0145392, 0.00775398, 0.0038696, 0.000122979, 5397, 74188, 5157
0.0164602, 0.00896251, 0.00457466, 0.00012687, 5452, 76418, 4671
0.0252052, 0.012993, 0.00905656, 0.00291565, 5421, 75381, 5508
0.0149929, 0.00779363, 0.00475724, 0.000111981, 5477, 73739, 4266
0.0141062, 0.0079614, 0.00371986, 0.000103781, 5412, 74417, 4212
0.0144484, 0.00835415, 0.00384996, 9.9969e-05, 5389, 74676, 3969
0.0175656, 0.00957311, 0.00535392, 0.000115506, 5397, 70752, 3969
0.0151258, 0.00849241, 0.0037117, 8.703e-05, 5384, 72098, 3186
0.0205841, 0.00898682, 0.00780085, 9.7533e-05, 5343, 72178, 3618
0.0197296, 0.00837724, 0.00855407, 0.000122768, 5408, 70722, 4320
0.0210986, 0.0130445, 0.00405688, 9.9274e-05, 5566, 75006, 3537
0.0163086, 0.00947183, 0.00463244, 0.000104463, 5461, 75486, 3861
0.0201748, 0.0128879, 0.00479689, 0.000107264, 5557, 77112, 4320
0.021573, 0.0086165, 0.00626939, 0.000148469, 5506, 77174, 4644
0.021247, 0.00994367, 0.00743259, 0.000133635, 5558, 76203, 4185
0.0228245, 0.00970846, 0.00457989, 0.000112513, 5518, 76079, 4077
0.014499, 0.00745874, 0.00434313, 0.000114278, 5524, 78104, 3672
0.0210669, 0.00858436, 0.00759702, 0.000123706, 5532, 77754, 3618
0.0148482, 0.00818485, 0.00378574, 9.888e-05, 5586, 77168, 3483
0.0153232, 0.00868054, 0.00395895, 0.0001157, 5511, 75328, 4266
0.0142155, 0.00773454, 0.00346207, 0.000100412, 5506, 74882, 4050
0.0154369, 0.00811239, 0.00474329, 0.000110672, 5322, 72368, 3645
0.0188662, 0.00772642, 0.00366368, 0.000210997, 5408, 70959, 3942
0.0137082, 0.00753188, 0.00374137, 0.000112541, 5265, 70136, 4185
0.0196657, 0.00826502, 0.00439719, 0.000115652, 5328, 73302, 4374
0.0194885, 0.0104409, 0.00617049, 0.00012637, 5408, 72290, 4131
0.0160354, 0.00742844, 0.00567558, 0.000114528, 5380, 73629, 3969
0.0146042, 0.00784534, 0.00427813, 0.000107339, 5456, 75243, 3834
0.0252968, 0.0081666, 0.00532976, 0.000124349, 5419, 76270, 4536
0.0297927, 0.0105483, 0.0101944, 0.000130223, 5569, 76250, 4590
0.0151489, 0.00868887, 0.00341384, 9.2653e-05, 5322, 75048, 3429
0.0281597, 0.0188833, 0.00394885, 0.000112422, 5343, 72694, 3942
0.0172672, 0.0106301, 0.00388815, 0.000117157, 5389, 72632, 4347
0.0154582, 0.00885808, 0.00411851, 0.000103161, 5410, 73718, 3888
0.0153078, 0.00827195, 0.00371952, 0.000113934, 5521, 76563, 4212
0.0159329, 0.00885505, 0.00438852, 0.000196924, 5532, 74528, 4212
0.0201453, 0.0109766, 0.0046564, 0.000127817, 5540, 75809, 4617
0.0163364, 0.00811137, 0.00504476, 0.000111809, 5516, 77391, 4185
0.0175649, 0.00836229, 0.00596403, 0.000114543, 5471, 76940, 4509
0.0220281, 0.0082941, 0.00397627, 0.000118159, 5304, 74902, 4698
0.0175943, 0.0110118, 0.00378399, 0.000108155, 5516, 77226, 4131
0.0169303, 0.00895105, 0.00377235, 9.6713e-05, 5509, 76938, 3753
0.0152065, 0.00945075, 0.0034256, 0.000115849, 5469, 76554, 4698
0.0195662, 0.0112122, 0.005419, 0.000133065, 5530, 76972, 4833
0.0306127, 0.0124376, 0.00626967, 0.000104828, 5531, 76106, 3915
0.0253286, 0.0146417, 0.00351657, 0.000108375, 5570, 77226, 4347
0.014467, 0.00837712, 0.0034934, 0.000104507, 5488, 76421, 4050
0.0200713, 0.0121538, 0.00485262, 0.000137879, 5491, 73931, 4887
0.014595, 0.0083764, 0.00345246, 0.000108769, 5342, 72202, 4077
0.0151671, 0.00784677, 0.00396839, 0.000134049, 5369, 73297, 4266
0.0180457, 0.00901376, 0.00614365, 0.000157795, 5422, 75947, 4428
0.0163586, 0.00948045, 0.00410444, 0.000117744, 5407, 76375, 4320
0.0165788, 0.00876695, 0.00472902, 0.000118401, 5411, 75719, 4779
0.0145554, 0.00740823, 0.004617, 0.000116601, 5567, 74418, 3996
0.0207792, 0.0138169, 0.00374388, 0.000121535, 5435, 75308, 4563
0.0345113, 0.00891483, 0.022294, 0.000111356, 5412, 75163, 3807
0.0175661, 0.00745106, 0.005843, 0.000104342, 5386, 71536, 3699
0.0242428, 0.013052, 0.00591874, 0.000108407, 5392, 72495, 3537
0.0137861, 0.00774857, 0.00347918, 0.000106841, 5295, 69103, 4239
0.015912, 0.00837097, 0.00443543, 0.000114703, 5518, 76765, 4455
0.0166722, 0.00828534, 0.00394978, 0.00010834, 5518, 74773, 3969
0.0146301, 0.00769645, 0.00420135, 0.000124311, 5505, 75443, 4509
0.014016, 0.00768914, 0.00373531, 0.000113319, 5530, 76016, 4212
0.0199766, 0.0129582, 0.00347851, 0.000104386, 5557, 77489, 3996
0.0153085, 0.00782375, 0.00506786, 0.000154583, 5474, 73989, 5103
0.015296, 0.00800101, 0.00395439, 0.000131134, 5520, 77579, 4725
0.0163956, 0.00820804, 0.00514115, 0.00016149, 5519, 76388, 4806
0.0157661, 0.00769975, 0.00505153, 0.0001401, 5576, 78493, 4860
0.0173909, 0.00774334, 0.00584787, 0.000122014, 5547, 76842, 4563
0.0227552, 0.0111596, 0.00877212, 0.000127979, 5545, 76873, 4455
0.0240343, 0.00936623, 0.0117652, 0.000122247, 5558, 75513, 4050
0.0240243, 0.0095648, 0.00691343, 0.000125866, 5466, 73661, 4644
0.0240109, 0.00868918, 0.00345326, 0.000102258, 5343, 70301, 3834
0.0207802, 0.0097289, 0.0072754, 0.000109787, 5357, 71057, 3915
0.0248239, 0.0168531, 0.00449684, 0.000109984, 5372, 73134, 3726
0.0176865, 0.0110109, 0.00340922, 0.000111738, 5337, 70507, 3888
0.0186942, 0.00819768, 0.00621764, 0.000111963, 5481, 74453, 4131
0.015273, 0.00812824, 0.0043682, 0.000115633, 5472, 74844, 4671
0.0225669, 0.010202, 0.00957588, 0.000122335, 5350, 75384, 4752
0.0150963, 0.00859206, 0.00341627, 0.000120395, 5394, 76332, 4293
0.0221536, 0.0119338, 0.00610036, 0.000122456, 5470, 75980, 4374
0.0352001, 0.00945027, 0.0214843, 0.000115389, 5357, 74385, 4158
0.0269519, 0.00741609, 0.0033304, 9.6518e-05, 5339, 71556, 3672
0.014022, 0.00781516, 0.00366755, 0.000111963, 5416, 73707, 4374
0.0166213, 0.00822682, 0.0040858, 0.000113503, 5551, 76411, 4158
0.0166205, 0.00769081, 0.00609363, 0.000116279, 5561, 75911, 4293
0.01726, 0.00840535, 0.00611855, 0.000144719, 5521, 75001, 4104
0.0182676, 0.00910896, 0.00428408, 0.000138093, 5533, 77390, 4752
0.0204198, 0.0113294, 0.00655416, 0.000103846, 5481, 77414, 4023
0.0160267, 0.00850155, 0.00390829, 0.000127491, 5342, 75154, 4752
0.0186145, 0.0102533, 0.00553356, 0.000115975, 5504, 76830, 4320
0.0158265, 0.00810397, 0.00498705, 0.000125498, 5479, 77806, 4698
0.0183571, 0.0101503, 0.00361777, 0.000194627, 5503, 75347, 4860
0.0161332, 0.00804046, 0.00540925, 0.000123724, 5457, 76861, 4293
0.017342, 0.00937592, 0.00464459, 0.000129143, 5568, 77879, 4266
0.0228112, 0.00874593, 0.0111604, 0.000111783, 5541, 76390, 3861
0.014372, 0.00735354, 0.00391039, 0.000107672, 5462, 74995, 4131
0.0140464, 0.00785557, 0.00364757, 0.000112109, 5475, 75218, 4131
0.0173057, 0.00882193, 0.00506048, 0.000119631, 5406, 74218, 4077
0.0231083, 0.0112746, 0.00911876, 0.000116291, 5364, 73099, 4671
0.0270352, 0.0147142, 0.00922366, 0.000106016, 5360, 75059, 3672
0.0207616, 0.00899537, 0.00922436, 0.000152958, 5408, 75681, 4941
0.0152135, 0.00787199, 0.00352647, 0.000118554, 5438, 75087, 4806
0.015731, 0.00815253, 0.00457783, 0.000130357, 5497, 75331, 4536
0.0177309, 0.0100468, 0.00436414, 0.000114747, 5452, 76228, 3969
0.0180091, 0.011683, 0.00364876, 0.000107943, 5426, 75153, 4050
0.0177736, 0.0093406, 0.00487033, 0.000127492, 5350, 70657, 3915
0.0180121, 0.00964486, 0.00378978, 0.000105347, 5445, 73478, 3510
0.0177939, 0.00750508, 0.00720371, 0.000115054, 5365, 71888, 4293
0.0234286, 0.00833822, 0.00580638, 0.000108084, 5481, 72492, 4104
0.0178738, 0.00736841, 0.00705438, 0.00013184, 5516, 73639, 4833
0.017182, 0.00832676, 0.00367428, 0.00011588, 5488, 75458, 4239
0.0297445, 0.00971971, 0.0063753, 0.00254703, 5539, 76273, 4752
0.0139461, 0.0079863, 0.00333021, 9.7347e-05, 5507, 74992, 3726
0.0186461, 0.00768127, 0.00833012, 0.000143139, 5536, 75999, 5049
0.015382, 0.00784898, 0.00362111, 0.000105785, 5516, 78292, 4158
0.0143795, 0.00786313, 0.00382304, 0.000110546, 5509, 77092, 3699
0.017236, 0.0104556, 0.00415392, 0.000109826, 5584, 78840, 4374
0.0152279, 0.00782039, 0.00391939, 0.000122932, 5548, 77591, 4293
0.0211624, 0.00884441, 0.00969656, 0.000122369, 5553, 76600, 4509
0.0150549, 0.00804789, 0.00411602, 0.000106233, 5543, 74512, 3915
0.0151053, 0.00867963, 0.00358678, 0.000100512, 5408, 73094, 3834
0.0154184, 0.00919739, 0.00336245, 0.000106936, 5468, 72709, 4158
0.0218328, 0.00853962, 0.00364676, 0.000107077, 5339, 71428, 4266
0.0169134, 0.0105014, 0.00373395, 0.000133949, 5332, 71969, 4104
0.0221159, 0.00951237, 0.00860815, 0.000109062, 5308, 71720, 3942
0.0232768, 0.00841275, 0.0105031, 0.000124529, 5425, 74511, 4293
0.0152377, 0.00830457, 0.00418982, 0.0001245, 5471, 74709, 4671
0.0223252, 0.012771, 0.00510119, 0.000536388, 5333, 76105, 4347
0.0169616, 0.00854993, 0.00522744, 0.000129582, 5518, 75374, 4833
0.0194879, 0.0105431, 0.00585859, 0.000133604, 5341, 75408, 4995
0.0172938, 0.00883096, 0.0048864, 0.000263237, 5365, 74866, 3726
0.0177916, 0.00869819, 0.00564361, 0.000186467, 5354, 72523, 5319
0.0189979, 0.00872179, 0.00752174, 0.000155394, 5415, 72939, 4266
0.0221563, 0.0101482, 0.00757417, 0.000125117, 5471, 74271, 4104
0.0186393, 0.0104109, 0.00441158, 0.000119793, 5567, 75644, 4698
0.0260293, 0.0169039, 0.0057416, 0.000100889, 5531, 75885, 3483
0.0209679, 0.00915963, 0.00848918, 0.000129348, 5524, 77067, 4806
0.0200147, 0.0116454, 0.00572314, 0.000117669, 5438, 73747, 4104
0.0300622, 0.0207673, 0.00587805, 0.000118945, 5510, 73204, 4320
0.0204045, 0.00845259, 0.00842428, 0.000127138, 5364, 74447, 4563
0.0236293, 0.00796034, 0.01234, 0.00012558, 5499, 74548, 4158
0.0294165, 0.0156929, 0.0112651, 0.000126402, 5426, 74127, 4374
0.0155782, 0.0089712, 0.00401565, 0.000115505, 5500, 76570, 4158
0.0192744, 0.0100815, 0.00645887, 0.000119091, 5565, 77845, 3780
0.0166605, 0.00890589, 0.00431496, 0.000122647, 5540, 75915, 4536
0.0248148, 0.0132078, 0.00553866, 0.00010492, 5364, 75747, 3510
0.0172459, 0.00824034, 0.0041047, 0.000107941, 5516, 76595, 4104
0.0190929, 0.00829943, 0.00574591, 0.000128651, 5409, 73999, 4671
0.0189053, 0.00771378, 0.00704678, 0.000112476, 5416, 67644, 4239
0.0154281, 0.00753709, 0.00423239, 0.000107688, 5491, 72448, 3726
0.014671, 0.00809587, 0.00403375, 0.000103929, 5407, 72439, 3807
0.0162032, 0.00740081, 0.00555486, 0.000136396, 5500, 74529, 4617
0.0185004, 0.00901803, 0.00678228, 0.000194157, 5608, 74259, 4509
0.0205977, 0.0100987, 0.00652678, 0.000174404, 5384, 75886, 4212
0.0157437, 0.00836601, 0.00422821, 0.000103892, 5451, 73872, 3969
0.0164862, 0.00838039, 0.00498181, 0.000134576, 5491, 74252, 4617
0.0193363, 0.00982835, 0.00505737, 0.000109684, 5308, 71983, 3888
0.0132386, 0.00660857, 0.00366826, 0.000129395, 5231, 66363, 4833
0.0148418, 0.00799042, 0.00403774, 0.000107202, 5664, 74507, 4104
0.0215277, 0.0100256, 0.00412301, 0.000133478, 5538, 72736, 5238
0.0186191, 0.00770438, 0.00786779, 0.0001064, 5544, 75001, 3861
0.0181583, 0.0106707, 0.00452633, 0.000114436, 5621, 74930, 3996
0.0168187, 0.00982688, 0.00400896, 0.000115783, 5475, 73274, 4536
0.0148467, 0.00791718, 0.00415743, 0.000153475, 5469, 74156, 4455
0.0207633, 0.0104471, 0.00402377, 0.000311715, 5454, 76794, 4320
0.0164839, 0.00830274, 0.00509406, 0.000146374, 5541, 77107, 5616
0.0195109, 0.00805297, 0.00885635, 0.000129776, 5559, 77814, 4779
0.0234289, 0.00932169, 0.00925999, 0.000123093, 5677, 78441, 4590
0.0257196, 0.0085016, 0.0146763, 0.000128669, 5690, 76537, 4779
0.0173988, 0.00732937, 0.0071609, 0.000111035, 5513, 69885, 3780
0.0200987, 0.00762404, 0.00522344, 0.000488064, 5500, 73828, 4131
0.0216036, 0.012657, 0.00487023, 0.000107923, 5437, 71876, 3537
0.0192754, 0.00854517, 0.00771236, 0.000141931, 5304, 71659, 4752
0.0160827, 0.00805705, 0.00477278, 0.000113912, 5289, 71619, 4374
0.0284676, 0.00844289, 0.0167297, 0.000105794, 5212, 70487, 3591
0.0166828, 0.00821691, 0.00531557, 0.000124478, 5385, 73718, 4077
0.0223828, 0.0125373, 0.00345689, 0.000134985, 5396, 73147, 5076
0.0278543, 0.0125694, 0.0121545, 0.000132015, 5391, 75158, 4806
0.0251547, 0.00760785, 0.0145255, 0.000125007, 5428, 76019, 4563
0.0137937, 0.00760681, 0.00342337, 0.00010302, 5372, 75888, 4131
0.0158105, 0.00768019, 0.00461156, 0.000106835, 5309, 74140, 3969
0.0163321, 0.00740528, 0.00639519, 0.000129617, 5320, 71675, 4725
0.0132809, 0.00718063, 0.0032824, 9.0966e-05, 5364, 71763, 3429
0.0254882, 0.00960345, 0.0123164, 0.000100481, 5456, 73985, 3645
0.0187186, 0.00850156, 0.00706971, 0.000151087, 5431, 74979, 4860
0.023092, 0.0113311, 0.00515846, 0.000115592, 5506, 76437, 3969
0.0138772, 0.00771067, 0.00321412, 0.000100516, 5503, 76481, 3969
0.014547, 0.00803982, 0.00385821, 0.000101555, 5467, 75476, 3645
0.0145465, 0.00742396, 0.00406012, 0.000110283, 5492, 75514, 4104
0.0168919, 0.00770654, 0.00570805, 0.00015595, 5360, 76227, 5022
0.0153572, 0.00877313, 0.0039076, 0.000128606, 5488, 75779, 4590
0.0167584, 0.00747471, 0.00660813, 0.000123504, 5449, 74907, 4266
0.0219856, 0.00828036, 0.0107885, 0.000146017, 5512, 77148, 5076
0.013268, 0.00721594, 0.00321079, 9.297e-05, 5477, 76852, 3591
0.0166886, 0.0087682, 0.00523821, 0.00012944, 5457, 75133, 4617
0.019897, 0.0101904, 0.00534981, 0.000121091, 5467, 74661, 4131
0.0245918, 0.0177293, 0.00415833, 0.000121883, 5489, 76031, 4644
0.0179607, 0.00915175, 0.00561422, 0.000106894, 5359, 74248, 4104
0.0130322, 0.00689903, 0.00362116, 0.000118532, 5271, 71049, 4293
0.0208086, 0.00745805, 0.00603591, 0.000112177, 5340, 72713, 4428
0.0163662, 0.00803336, 0.00483989, 0.000126903, 5369, 73695, 4320
0.0167216, 0.00873545, 0.00480264, 0.00012305, 5410, 74914, 4239
0.0193323, 0.00942374, 0.00340193, 9.9587e-05, 5415, 74392, 3645
0.0181145, 0.0103047, 0.0049737, 0.000120574, 5472, 76179, 4428
0.0176541, 0.00894451, 0.00517025, 0.000120263, 5386, 73929, 4482
0.0162432, 0.00904379, 0.00389793, 0.000109332, 5392, 71896, 4293
0.0216725, 0.0119937, 0.00434161, 0.000116719, 5281, 71303, 4455
0.0201763, 0.00809929, 0.00882301, 0.000114326, 5406, 73160, 4050
0.0164891, 0.00832971, 0.00520348, 0.000117947, 5450, 73204, 4212
0.0203274, 0.00898522, 0.00558934, 0.000192041, 5500, 73839, 3807
0.0162543, 0.00862335, 0.00453803, 0.000110095, 5476, 75781, 4131
0.0153291, 0.00736699, 0.00438627, 0.000137209, 5507, 74975, 5022
0.0154325, 0.00828146, 0.00398575, 0.000120057, 5482, 75998, 4455
0.0160973, 0.00854036, 0.00440932, 0.000131703, 5453, 75505, 4860
0.0222197, 0.00778282, 0.0115172, 0.000124198, 5505, 77490, 4077
0.0151994, 0.00786206, 0.00422618, 0.000130286, 5509, 75822, 4779
0.0180698, 0.0101266, 0.00518413, 0.000130975, 5480, 75997, 4509
0.0142768, 0.00770442, 0.00363897, 0.000107696, 5466, 77151, 3780
0.0179527, 0.00779092, 0.00447877, 0.000120021, 5487, 75838, 4158
0.0282944, 0.0135592, 0.00755469, 0.000125945, 5400, 71336, 5049
0.0178123, 0.00793523, 0.00525679, 0.000113767, 5550, 76279, 3915
0.0151904, 0.00728044, 0.00389951, 0.00011048, 5408, 73148, 3996
0.0149508, 0.00728391, 0.00451722, 0.000105579, 5363, 71113, 3780
0.0213707, 0.00853381, 0.0090543, 0.000118217, 5329, 71577, 4185
0.0133485, 0.00723273, 0.00349541, 0.000100149, 5287, 70939, 3753
0.0220364, 0.0111737, 0.00790212, 0.000116645, 5433, 73693, 4266
0.0149211, 0.00863971, 0.00324977, 0.000113906, 5437, 73515, 4698
0.0170122, 0.00882774, 0.00415015, 0.000139674, 5429, 75357, 4563
0.0185774, 0.0128543, 0.00331465, 0.000111957, 5429, 77095, 4482
0.0173233, 0.0108943, 0.00389568, 0.000120852, 5344, 75840, 4293
0.0153767, 0.00759456, 0.00367491, 0.000107233, 5340, 75802, 3780
0.0228742, 0.00781151, 0.0125497, 0.000127684, 5345, 73233, 4374
0.0143501, 0.00788981, 0.00350642, 0.000107231, 5394, 73127, 4158
0.0178547, 0.00734406, 0.00343107, 0.000116507, 5419, 71992, 4536
0.0160811, 0.00797515, 0.00451116, 0.000123715, 5451, 74315, 4212
0.0169893, 0.0085473, 0.00416079, 0.000126415, 5498, 76895, 4374
0.0182703, 0.00846926, 0.00549644, 0.000216065, 5497, 75546, 4968
0.018095, 0.0112863, 0.00354517, 0.000114348, 5498, 75507, 4536
0.0176704, 0.00901519, 0.00567107, 0.000131706, 5494, 76395, 4752
0.0197777, 0.0105247, 0.00642554, 0.000119454, 5394, 76453, 4212
0.0193206, 0.0096548, 0.00609443, 0.000456459, 5448, 75466, 4617
0.0165718, 0.00885211, 0.00435684, 0.000130683, 5440, 76096, 4698
0.0161145, 0.00850517, 0.00460486, 0.000121017, 5481, 77184, 4671
0.0148095, 0.00833566, 0.00334136, 0.000110561, 5441, 75928, 4482
0.0153705, 0.00771316, 0.00418393, 0.000116634, 5498, 76388, 4671
0.0173408, 0.00922581, 0.00402731, 0.00011248, 5458, 75954, 4347
0.0141755, 0.00783478, 0.00352554, 0.000108124, 5447, 76513, 4509
0.0175573, 0.00877435, 0.00406276, 0.000115894, 5356, 75211, 3861
0.0145555, 0.00799001, 0.00356828, 0.000106645, 5267, 70462, 4131
0.0134747, 0.00723172, 0.00329558, 0.000107263, 5315, 72615, 4266
0.0152078, 0.00811944, 0.00408826, 0.000161982, 5399, 75498, 4131
0.01756, 0.00770166, 0.00699587, 0.000125655, 5426, 75095, 4428
0.0157169, 0.00864127, 0.0041615, 0.000116588, 5467, 74919, 4509
0.0233129, 0.00798645, 0.00771192, 0.000131656, 5441, 75196, 4806
0.0154907, 0.00841271, 0.00401675, 0.000122791, 5479, 73825, 4590
                                                                                                                                                                                                                                                                                                                                                                                                                                                                                                                                                                                                                                                                                                                                                                                                                                                                                                                                                                                                                                                                                                                                                                                                                                                                                                                                                                                                                                                                                                                                                                                                                                                                                                                                                                                                                                                                                                                                                                                                                                                                                                                                                                                                                                                                                                                                                                                                                                                                                                                                                                                                                                                                                                                                                                                                                                                                                                                                                                                                                                                                                                                                                                                                                                                                   